Title,Content Type,Category,Age Range,Topic Tags,Values/Intent Tags,Author/Guide,Date Published,Source URL,Summary (RAG snippet),Key Takeaway (for pathway output),Parent Need / Goal
Neurodivergent Learning: What Happens When Kids No Longer Have to Pretend?,Blog,Neurodivergence,All Ages,"neurodivergence, masking, sensory needs, SDE centers, trust","autonomy, safety, being known not fixed, freedom of movement",Kristen Himm,2026-07-09,https://weareborntolearn.org/resource/neurodivergent-learning-what-happens-when-kids-no-longer-have-to-pretend/,"Describes what changes for neurodivergent kids in self-directed environments once masking stops being necessary — freedom of movement, sensory safety, and relationships built on curiosity rather than evaluation.","Kids stop masking when the environment removes grades, bells, and forced social scripts; adults functioning as facilitators (not evaluators) is what makes that safety possible.",Understand & support neurodivergent learners; reduce masking-related harm
A Parent's Guide to AI & Self-Directed Learning,Blog,Practical Support for Parents,All Ages,"AI, technology, critical thinking, digital literacy","curiosity, intentionality, judgment over answers",Bonnie Benjamin-Phariss,2026-07-02,https://weareborntolearn.org/resource/a-parents-guide-to-ai-self-directed-learning/,"This blog explores AI, technology, critical thinking, digital literacy and helps families understand the topic through Mosaic's self-directed learning approach.",Supports families who want to practical Support for Parents.,"Guide AI use with curiosity, critical thinking, and clear guardrails"
Summer Learning with Mosaic,Blog,Ideas and Activities,All Ages,"seasonal rhythm, age-banded activities, family stories","trust, noticing learning already happening, no single right way",Meghan Suniga-Davies,2026-06-25,https://weareborntolearn.org/resource/summer-learning-with-mosaic/,"This blog explores seasonal rhythm, age-banded activities, family stories and helps families understand the topic through Mosaic's self-directed learning approach.",Supports families who want to ideas and Activities.,Notice everyday learning in summer; build trust in natural learning
Podcast: Neurodivergent Learning: Are Gaming and Digital Worlds Real Learning Spaces for Neurodivergent Learning?,Podcast,Neurodivergence,6-14,"screens, gaming, neurodivergence, self-regulation, digital worlds","predictability, focus, identity exploration, balance",Jordan Shapiro (guest); Bonnie Benjamin-Phariss (host),2026-06-18,https://weareborntolearn.org/resource/podcast-neurodivergent-learning-are-gaming-and-digital-worlds-real-learning-spaces-for-neurodivergent-learning/,"This podcast explores screens, gaming, neurodivergence, self-regulation, digital worlds and helps families understand the topic through Mosaic's self-directed learning approach.",Supports families who want to neurodivergence.,Better support a neurodivergent or disabled learner.
"The Un-Curriculum Workbook Series – Understanding Your Family Dynamics (Unit 1, Lesson 8)",Workbook Lesson,Practical Support for Parents,All Ages,"family systems, modeling, connection rituals","authenticity, connection over performance, no single right family dynamic",Daniel T. Moeller,2026-06-11,https://weareborntolearn.org/resource/the-un-curriculum-workbook-series-understanding-your-family-dynamics-unit-1-lesson-8/,"This workbook lesson explores family systems, modeling, connection rituals and helps families understand the topic through Mosaic's self-directed learning approach.",Supports families who want to practical Support for Parents.,Gain practical guidance for supporting self-directed learning at home.
Neurodivergent Learning: Why Can Parenting Neurodivergent Kids Feel So Emotionally Exhausting?,Blog,Emotional Support for Parents,Parent-focused,"neurodivergence, caregiver burnout, emotional labor","self-compassion, community support, naming the load",Leslie W. Bray,2026-06-04,https://weareborntolearn.org/resource/neurodivergent-learning-why-can-parenting-neurodivergent-kids-feel-so-emotionally-exhausting/,"This blog explores neurodivergence, caregiver burnout, emotional labor and helps families understand the topic through Mosaic's self-directed learning approach.",Supports families who want to emotional Support for Parents.,Better support a neurodivergent or disabled learner.
"The Un-Curriculum Workbook Series – Working to Keep our Own Cups Full (Unit 1, Lesson 7)",Workbook Lesson,Emotional Support for Parents,Parent-focused,"self-care, burnout, household load-sharing","sustainability, honesty about capacity, modeling rest",Daniel T. Moeller,2026-05-27,https://weareborntolearn.org/resource/the-un-curriculum-workbook-series-working-to-keep-our-own-cups-full-unit-1-lesson-7/,"This workbook lesson explores self-care, burnout, household load-sharing and helps families understand the topic through Mosaic's self-directed learning approach.",Supports families who want to emotional Support for Parents.,Gain practical guidance for supporting self-directed learning at home.
Neurodivergent Learning: Why Does Self-Directed Learning Often Work So Well for Neurodivergent Young People?,Blog,Neurodivergence,All Ages,"neurodivergence, consent, individualization, deschooling","consent, individualized pacing, redefining success",Daniel T. Moeller,2026-05-21,https://weareborntolearn.org/resource/neurodivergent-learning-why-does-self-directed-learning-often-work-so-well-for-neurodivergent-young-people/,"This blog explores neurodivergence, consent, individualization, deschooling and helps families understand the topic through Mosaic's self-directed learning approach.",Supports families who want to neurodivergence.,Better support a neurodivergent or disabled learner.
Mosaic's Survey – American Families' Attitudes to Unschooling: A National Survey,Research/Survey,How Do We Know This Works?,All Ages,"research, national survey, SDE awareness, family priorities","evidence-based reassurance, social/life-skills priority over test scores",Mosaic × Hemispheres Insights,2026-05-15,https://weareborntolearn.org/resource/mosaics-survey-american-families-attitudes-to-unschooling-a-national-survey/,"This research/survey explores research, national survey, SDE awareness, family priorities and helps families understand the topic through Mosaic's self-directed learning approach.",Research/Survey,Understand the research behind self-directed learning.
Podcast: How Families Navigate the New Learning Landscape,Podcast,Transitioning to Independent Learning,All Ages,"hybrid schools, microschools, movement between models","fit over permanence, experimentation as information not failure",Eric Wearne (guest); Bonnie Benjamin-Phariss (host),2026-05-07,https://weareborntolearn.org/resource/podcast-how-families-navigate-the-new-learning-landscape/,"This podcast explores hybrid schools, microschools, movement between models and helps families understand the topic through Mosaic's self-directed learning approach.",Supports families who want to transitioning to Independent Learning.,Gain practical guidance for supporting self-directed learning at home.
Podcast: Neurodivergent Learning: Why Unschooling May Be a Great Option for Neurodivergent Children,Podcast,Neurodivergence,6-14,"neurodivergence, autonomy, safe space, interest-led learning","autonomy as responsiveness not absence of structure, interests as pathways",Krystal Dillard & Jessica Hoffman (guests); Bonnie Benjamin-Phariss (host),2026-04-23,https://weareborntolearn.org/resource/podcast-neurodivergent-learning-why-unschooling-may-be-a-great-option-for-neurodivergent-children/,"This podcast explores neurodivergence, autonomy, safe space, interest-led learning and helps families understand the topic through Mosaic's self-directed learning approach.",Supports families who want to neurodivergence.,Better support a neurodivergent or disabled learner.
"The Un-Curriculum Workbook Series – But, What About College? (Unit 3, Lesson 2)",Workbook Lesson,Transitioning to Independent Learning,15-18+,"college readiness, transcripts, future planning","reframing fear of the future, trust in nonlinear paths",Mosaic Guides,2026-04-22,https://weareborntolearn.org/resource/the-un-curriculum-workbook-series-but-what-about-college-unit-3-lesson-2/,"This workbook lesson explores college readiness, transcripts, future planning and helps families understand the topic through Mosaic's self-directed learning approach.",Supports families who want to transitioning to Independent Learning.,Prepare for college or future pathways.
"The Un-Curriculum Workbook Series – Where Are You Coming From? (Unit 1, Lesson 1)",Workbook Lesson,Transitioning to Independent Learning,All Ages,"deschooling, personal history, starting point reflection","self-awareness before action, unlearning inherited beliefs",Mosaic Guides,2026-04-16,https://weareborntolearn.org/resource/the-un-curriculum-workbook-series-where-are-you-coming-from-unit-1-lesson-1/,"This workbook lesson explores deschooling, personal history, starting point reflection and helps families understand the topic through Mosaic's self-directed learning approach.",Supports families who want to transitioning to Independent Learning.,Gain practical guidance for supporting self-directed learning at home.
The Teen Series – Getting Started: Parenting Teens Without Control,Blog,Transitioning to Independent Learning,11-18+,"teens, autonomy, control vs. partnership","partnership over control, trust building with teens",Leslie W. Bray,2026-04-13,https://weareborntolearn.org/resource/the-teen-series-getting-started-parenting-teens-without-control/,"This blog explores teens, autonomy, control vs. partnership and helps families understand the topic through Mosaic's self-directed learning approach.",Supports families who want to transitioning to Independent Learning.,Strengthen relationships while parenting teens.
Podcast: When You're Navigating Self-Directed Learning on Your Own,Podcast,Emotional Support for Parents,All Ages,"single parenting, trust, boundaries, community","trust as active daily practice, honest limits, relational safety over academic structure",Meghan Suniga Davies (guest); Bonnie Benjamin-Phariss (host),2026-04-09,https://weareborntolearn.org/resource/podcast-when-youre-navigating-self-directed-learning-on-your-own/,"This podcast explores single parenting, trust, boundaries, community and helps families understand the topic through Mosaic's self-directed learning approach.",Supports families who want to emotional Support for Parents.,Connect with other families for encouragement and support.
Podcast: Making the College Process Human Again,Podcast,Transitioning to Independent Learning,15-18+,"college admissions, values-based decision making, non-traditional paths","fit over prestige, values clarity, exploration over certainty",Jen Vallieres & Jared Eplet (guests); Bonnie Benjamin-Phariss (host),2026-03-19,https://weareborntolearn.org/resource/podcast-making-the-college-process-human-again/,"This podcast explores college admissions, values-based decision making, non-traditional paths and helps families understand the topic through Mosaic's self-directed learning approach.",Supports families who want to transitioning to Independent Learning.,Prepare for college or future pathways.
Podcast: Affording a Different Path: The Economics of Self-Directed Learning,Podcast,Practical Support for Parents,Parent-focused,"finances, income tradeoffs, budgeting, healthcare, co-ops","conscious tradeoffs, financial stability supports presence, creative resourcing",June Duran (guest); Bonnie Benjamin-Phariss (host),2026-03-05,https://weareborntolearn.org/resource/podcast-affording-a-different-path-the-economics-of-self-directed-learning/,"This podcast explores finances, income tradeoffs, budgeting, healthcare, co-ops and helps families understand the topic through Mosaic's self-directed learning approach.",Supports families who want to practical Support for Parents.,Gain practical guidance for supporting self-directed learning at home.
Podcast: Unschooler Edition: Navigating the College Application Process,Podcast,Transitioning to Independent Learning,15-18+,"college admissions, transcripts, portfolios, essays, recommendations","authenticity, translation not conformity, ownership of learning",Wade Arave & Michele Evard (guests); Bonnie Benjamin-Phariss (host),2026-02-12,https://weareborntolearn.org/resource/podcast-unschooler-edition-navigating-the-college-application-process/,"This podcast explores college admissions, transcripts, portfolios, essays, recommendations and helps families understand the topic through Mosaic's self-directed learning approach.",Supports families who want to transitioning to Independent Learning.,Prepare for college or future pathways.
Podcast: Permission to Choose: When Your Learning Path Raises Questions,Podcast,Emotional Support for Parents,Parent-focused,"confidence, boundaries, outside judgment, values grounding","self-trust, boundary-setting, permission to not justify every choice",Dr. George James (guest); Bonnie Benjamin-Phariss (host),2026-02-05,https://weareborntolearn.org/resource/podcast-permission-to-choose-when-your-learning-path-raises-questions/,"This podcast explores confidence, boundaries, outside judgment, values grounding and helps families understand the topic through Mosaic's self-directed learning approach.",Supports families who want to emotional Support for Parents.,Gain practical guidance for supporting self-directed learning at home.
"Podcast: When the School Hurts Your Child: Lynice's Story of Racism, Courage, and Choosing Unschooling",Podcast,Community Inspiration,All Ages,"racism, school harm, advocacy, family story","protection not withdrawal, dignity, freedom",Lynice Brock (guest); Bonnie Benjamin-Phariss (host),2026-01-29,https://weareborntolearn.org/resource/podcast-when-the-school-hurts-your-child-lynices-story-of-racism-courage-and-choosing-unschooling/,"This podcast explores racism, school harm, advocacy, family story and helps families understand the topic through Mosaic's self-directed learning approach.",Supports families who want to community Inspiration.,Gain practical guidance for supporting self-directed learning at home.
Podcast: When Educators Become Parents: What Changes When It's Your Child,Podcast,Community Inspiration,All Ages,"former educators, deschooling, trust vs. control","trust over control, community over curriculum, deschooling as ongoing work",Daniel T. Moeller & Leslie W. Bray (guests); Bonnie Benjamin-Phariss (host),2026-01-22,https://weareborntolearn.org/resource/podcast-when-educators-become-parents-what-changes-when-its-your-child/,"This podcast explores former educators, deschooling, trust vs. control and helps families understand the topic through Mosaic's self-directed learning approach.",Supports families who want to community Inspiration.,Gain practical guidance for supporting self-directed learning at home.
Executive Summary: Survey of Past & Present Educators in Independent Meaningful Learning (IML),Research/Survey,How Do We Know This Works?,Parent-focused,"research, educators, deschooling, survey data","disenchantment with systemic constraint, agency for one's own children",Mosaic × Institute for Self-Directed Learning,2025-12-15,https://weareborntolearn.org/resource/executive-summary-survey-of-past-present-educators-in-independent-meaningful-learning-iml/,"This research/survey explores research, educators, deschooling, survey data and helps families understand the topic through Mosaic's self-directed learning approach.",Research/Survey,Understand the research behind self-directed learning.
5 Tips to Help Neurodiverse Learners Thrive,Blog,Neurodivergence,All Ages,"neurodivergence, practical tips, personalized learning","reduced stress, self-determination, community support",Mosaic,2023-05-26,https://weareborntolearn.org/5-tips-to-help-neurodiverse-learners-thrive,6 Tips to Help Neurodiverse Learners Thrive,Supports families who want to neurodivergence.,Better support a neurodivergent or disabled learner.
April 2026 Newsletter: Making Space for Different Minds,Newsletter,Community Inspiration,All Ages,"newsletter, neurodivergence, autonomy, regulation, connection","community, neurodivergent-affirming support",Mosaic,2026-04-30,https://weareborntolearn.org/resource/april-2026-newsletter-making-space-for-different-minds,"This newsletter explores newsletter, neurodivergence, autonomy, regulation, connection and helps families understand the topic through Mosaic's self-directed learning approach.",Newsletter,Better support a neurodivergent or disabled learner.
Autonomy and Psychological Development,Research,How Do We Know This Works?,Parent-focused,"autnonmy, self-determiniation","autonomy, self-determination, self-directed learning","Steckermeier, Hui & Tsang",Not specified,https://weareborntolearn.org/resource/autonomy-and-psychological-development/,"This research explores autnonmy, self-determiniation and helps families understand the topic through Mosaic's self-directed learning approach.",Supports families who want to how Do We Know This Works?.,Understand the research behind self-directed learning.
The Un-Curriculum Workbook,Workbook Lesson,Practical Support for Parents,All Ages,"Un-Curriculum Workbook, foundational lessons, table of contents","child-led rhythm, foundational approach","Kristen Himm, Daniel T. Moeller",2026-04-20,https://weareborntolearn.org/resource/the-un-curriculum-workbook,"This workbook lesson explores Un-Curriculum Workbook, foundational lessons, table of contents and helps families understand the topic through Mosaic's self-directed learning approach.",Supports families who want to practical Support for Parents.,Gain practical guidance for supporting self-directed learning at home.
Practice Oriented Research,Research/Survey,How Do We Know This Works?,All Ages,"research, practice-based evidence, transition to SDE, educator survey","evidence-based confidence, practical over philosophical",Mosaic × Institute for Self-Directed Learning,2026-04-17,https://weareborntolearn.org/resource/practice-oriented-research,"This research/survey explores research, practice-based evidence, transition to SDE, educator survey and helps families understand the topic through Mosaic's self-directed learning approach.",Research/Survey,Understand the research behind self-directed learning.
The Teen Series – Further Along: Going Deeper: When Trust Is Strong and Fear Still Shows Up with Teens,Blog,Emotional Support for Parents,11-18+,"teen development, trust, fear, intuition","staying grounded, trust despite lingering fear",Leslie W. Bray,2026-04-15,https://weareborntolearn.org/resource/the-teen-series-further-along-going-deeper-when-trust-is-strong-and-fear-still-shows-up-with-teens/,"This blog explores teen development, trust, fear, intuition and helps families understand the topic through Mosaic's self-directed learning approach.",Supports families who want to emotional Support for Parents.,Strengthen relationships while parenting teens.
Coffee Hour Chat: Tending to Our Nervous System,Coffee Hour Chat,Event,All Ages,"parent nervous system regulation, burnout, bedtime, boundaries, self-care","sustainability, modeling limits, community as regulation","Dan Moeller, Kristen Himm",2026-04-11,https://weareborntolearn.org/resource/coffee-hour-chat-tending-to-our-nervous-system,"This coffee hour chat explores parent nervous system regulation, burnout, bedtime, boundaries, self-care and helps families understand the topic through Mosaic's self-directed learning approach.",Coffee Hour Chat,Connect with other families for encouragement and support.
Coffee Hour Chat – Tweens & Teens,Coffee Hour Chat,Event,10-18,"tweens, teens, puberty, motivation, rebellion vs individuation, community","trust in nonlinear growth, sustainability for parents, belonging before productivity","Dan Moeller (facilitator); Kristen Himm, Cassandra, Allison, Nita, Shell (parents)",2026-04-05,https://weareborntolearn.org/resource/coffee-hour-chat-tweens-teens,"This coffee hour chat explores tweens, teens, puberty, motivation, rebellion vs individuation, community and helps families understand the topic through Mosaic's self-directed learning approach.",Coffee Hour Chat,Strengthen relationships while parenting teens.
March 2026 Newsletter: Trust and Connection in the Teen Years,Newsletter,Community Inspiration,13-18,"newsletter, teens, trust, connection, community milestone","trust, connection, milestone celebration (350 families)",Mosaic,2026-04-01,https://weareborntolearn.org/resource/march-2026-newsletter-trust-and-connection-in-the-teen-years,"This newsletter explores newsletter, teens, trust, connection, community milestone and helps families understand the topic through Mosaic's self-directed learning approach.",Newsletter,Strengthen relationships while parenting teens.
"The Un-Curriculum Workbook Series – Strewing (Unit 2, Lesson 5)",Workbook Lesson,Practical Support for Parents,All Ages,"strewing, invitation not agenda, exposure without pressure, freedom to quit","consent, low-pressure exposure, trust","Kristen Himm, Daniel T. Moeller",2026-03-26,https://weareborntolearn.org/resource/the-un-curriculum-workbook-series-strewing-unit-2-lesson-5,"This workbook lesson explores strewing, invitation not agenda, exposure without pressure, freedom to quit and helps families understand the topic through Mosaic's self-directed learning approach.",Supports families who want to practical Support for Parents.,Gain practical guidance for supporting self-directed learning at home.
Efficacy of Unschooling and Young Person-Centered Learning,Research,How Do We Know This Works?,Parent-focused,"unschooling, self-directed learning, motivation, outcomes","unschooling, self-directed learning, motivation, outcomes","Gray and Riley, Gaudreau & Brabant",Not specified,https://weareborntolearn.org/resource/efficacy-of-unschooling-and-young-person-centered-learning/,"This research explores unschooling, self-directed learning, motivation, outcomes and helps families understand the topic through Mosaic's self-directed learning approach.",Supports families who want to how Do We Know This Works?.,Understand the research behind self-directed learning.
How-To Series: Benefits vs. Challenges of Unschooling,Blog,Managing Challenges,Parent-focused,"pros and cons, balanced reflection, realistic expectations","honesty about tradeoffs, feeling less alone in doubt",Mosaic,2026-03-12,https://weareborntolearn.org/resource/how-to-series-benefits-of-unschooling-vs-challenges-of-unschooling,"This blog explores pros and cons, balanced reflection, realistic expectations and helps families understand the topic through Mosaic's self-directed learning approach.",Supports families who want to managing Challenges.,Gain practical guidance for supporting self-directed learning at home.
February 2026 Newsletter: Navigating Conflict in Self-Directed Learning,Newsletter,Community Inspiration,All Ages,"newsletter, conflict, big emotions, repair","conflict as growth, repair over avoidance",Mosaic,2026-02-28,https://weareborntolearn.org/resource/february-2026-newsletter-navigating-conflict-in-self-directed-learning,"This newsletter explores newsletter, conflict, big emotions, repair and helps families understand the topic through Mosaic's self-directed learning approach.",Newsletter,Gain practical guidance for supporting self-directed learning at home.
Coffee Hour Chat – Emotional Regulation for All,Coffee Hour Chat,Event,All Ages,"emotional regulation, repair, parent self-awareness","repair over perfection, being heard before being helped",Daniel T. Moeller,2026-02-26,https://weareborntolearn.org/resource/coffee-hour-chat-emotional-regulation-for-all,"This coffee hour chat explores emotional regulation, repair, parent self-awareness and helps families understand the topic through Mosaic's self-directed learning approach.",Coffee Hour Chat,Connect with other families for encouragement and support.
How-To Series: What Cooking Teaches at Every Age,Blog Series — How-To,Practical Support for Parents,All Ages,"cooking, life skills, kitchen learning, contribution","stepping back, contribution as connection","Leslie W. Bray, Dan Moeller",2026-02-19,https://weareborntolearn.org/resource/how-to-series-what-cooking-teaches-at-every-age,"This blog series — how-to explores cooking, life skills, kitchen learning, contribution and helps families understand the topic through Mosaic's self-directed learning approach.",Blog Series — How-To,Gain practical guidance for supporting self-directed learning at home.
Connecting with Family and Community,Research,How Do We Know This Works?,All Ages,"family connection, community, family-centered learning","family relationships, collaboration, connection","Whitaker et al, Bingham & Abernathy",Not specified,https://weareborntolearn.org/resource/connecting-with-family-and-community/,"This research explores family connection, community, family-centered learning and helps families understand the topic through Mosaic's self-directed learning approach.",Supports families who want to how Do We Know This Works?.,Connect with other families for encouragement and support.
January 2026 Newsletter: Why Educators Are Leaving Traditional Schooling,Newsletter,Community Inspiration,All Ages,"newsletter, former educators, podcast launch, learner-led education","curiosity, trust, emotional safety",Mosaic,2026-01-30,https://weareborntolearn.org/resource/january-2026-newsletter,"This newsletter explores newsletter, former educators, podcast launch, learner-led education and helps families understand the topic through Mosaic's self-directed learning approach.",Newsletter,Gain practical guidance for supporting self-directed learning at home.
Coffee Hour Chat – Former Teachers,Coffee Hour Chat,Event,All Ages,"former teachers, school trauma, unschooling oneself, misclassification","trust over system compliance, curiosity restored",Daniel T. Moeller (facilitator),2026-01-15,https://weareborntolearn.org/resource/coffee-hour-chat-former-teachers,"This coffee hour chat explores former teachers, school trauma, unschooling oneself, misclassification and helps families understand the topic through Mosaic's self-directed learning approach.",Coffee Hour Chat,Connect with other families for encouragement and support.
"The Un-Curriculum Workbook Series – Children Are Humans, Too (Unit 1, Lesson 6)",Workbook Lesson,Practical Support for Parents,All Ages,"children's agency, partnership parenting, pause before responding","children as whole humans, partnership over control",Daniel T. Moeller,2026-01-06,https://weareborntolearn.org/resource/children-are-humans-too-unit-1-lesson-6,"This workbook lesson explores children's agency, partnership parenting, pause before responding and helps families understand the topic through Mosaic's self-directed learning approach.",Supports families who want to practical Support for Parents.,Gain practical guidance for supporting self-directed learning at home.
Creativity and Motivation,Blog,Ideas and Activities,All Ages,"research, interest-driven learning, motivation, interdisciplinary learning","ownership over assignment, intrinsic motivation",Mosaic (Harackiewicz et al. 2016; Wong et al. 2020; Davis 2020; Riley 2018),2026-01-05,https://weareborntolearn.org/resource/creativity-and-motivation,"This blog explores research, interest-driven learning, motivation, interdisciplinary learning and helps families understand the topic through Mosaic's self-directed learning approach.",Supports families who want to ideas and Activities.,Gain practical guidance for supporting self-directed learning at home.
How-To Series: What Minecraft Teaches at Every Age,Blog Series — How-To,Practical Support for Parents,All Ages,"Minecraft, gaming, skill-building, parent-child collaboration","shared play, meeting kids in their world","Leslie W. Bray, Dan Moeller",2025-12-18,https://weareborntolearn.org/resource/how-to-series-what-minecraft-teaches-at-every-age,"This blog series — how-to explores Minecraft, gaming, skill-building, parent-child collaboration and helps families understand the topic through Mosaic's self-directed learning approach.",Blog Series — How-To,Gain practical guidance for supporting self-directed learning at home.
When Educators Become Parents: What Changes When It's Your Child (Blog),Blog,Ideas and Activities,All Ages,"educator survey, leaving the system, trust, community","protection not rejection of education, trust over control",Leslie W. Bray,2025-12-15,https://weareborntolearn.org/resource/when-educators-become-parents-what-changes-when-its-your-child-2,"This blog explores educator survey, leaving the system, trust, community and helps families understand the topic through Mosaic's self-directed learning approach.",Supports families who want to ideas and Activities.,Connect with other families for encouragement and support.
How-To Series: What Gardening Teaches at Every Age,Blog Series — How-To,Practical Support for Parents,All Ages,"gardening, life skills, ecosystem thinking, family rhythm","hands-on responsibility, seasonal patience",Leslie W. Bray,2025-12-11,https://weareborntolearn.org/resource/what-gardening-teaches-at-every-age,"This blog series — how-to explores gardening, life skills, ecosystem thinking, family rhythm and helps families understand the topic through Mosaic's self-directed learning approach.",Blog Series — How-To,Gain practical guidance for supporting self-directed learning at home.
Shifting Mindsets: Supporting Self-Reflection and Self-Awareness,Blog Series — Shifting Mindsets,Practical Support for Parents,All Ages,"self-reflection, metacognition, internal compass, learning check-ins","inward validation over external, intrinsic motivation",Leslie W. Bray,2025-12-04,https://weareborntolearn.org/resource/shifting-mindsets-supporting-self-reflection-and-self-awareness,"This blog series — shifting mindsets explores self-reflection, metacognition, internal compass, learning check-ins and helps families understand the topic through Mosaic's self-directed learning approach.",Blog Series — Shifting Mindsets,Gain practical guidance for supporting self-directed learning at home.
November 2025 Newsletter: Evolving The Mosaic Collective Experience,Newsletter,Community Inspiration,All Ages,"newsletter, membership trial, resource center, community","community connection, evolving support",Mosaic,2025-11-29,https://weareborntolearn.org/resource/november-2025-newsletter,"This newsletter explores newsletter, membership trial, resource center, community and helps families understand the topic through Mosaic's self-directed learning approach.",Newsletter,Connect with other families for encouragement and support.
Shifting Mindsets: Building Connection Through Shared Projects,Blog Series — Shifting Mindsets,Practical Support for Parents,All Ages,"shared projects, expertise exchange, collaborative learning","partnership over hierarchy, mutual competence",Leslie W. Bray,2025-11-25,https://weareborntolearn.org/resource/shifting-mindsets-building-connection-through-shared-projects,"This blog series — shifting mindsets explores shared projects, expertise exchange, collaborative learning and helps families understand the topic through Mosaic's self-directed learning approach.",Blog Series — Shifting Mindsets,Gain practical guidance for supporting self-directed learning at home.
The Un-Curriculum Workbook Series – Freedom to Quit (Unit 1; Lesson 4),Workbook Lesson,Practical Support for Parents,All Ages,"quitting, persistence, autonomy, trust","quitting as information not failure, self-trust",Daniel T. Moeller,2025-11-24,https://weareborntolearn.org/resource/freedom-to-quit-un-curriculum-workbook-unit-1-lesson-4,"This workbook lesson explores quitting, persistence, autonomy, trust and helps families understand the topic through Mosaic's self-directed learning approach.",Supports families who want to practical Support for Parents.,Gain practical guidance for supporting self-directed learning at home.
Coffee Hour Chat – Conflict Resolution,Coffee Hour Chat,Event,All Ages,"conflict, family meetings, repair, sibling equity","relationship over 'winning,' equity not sameness",Daniel T. Moeller,2025-11-18,https://weareborntolearn.org/resource/coffee-hour-chat-conflict-resolution,"This coffee hour chat explores conflict, family meetings, repair, sibling equity and helps families understand the topic through Mosaic's self-directed learning approach.",Coffee Hour Chat,Connect with other families for encouragement and support.
Shifting Mindsets: Making Time for Play and Rest (The Hidden Learning),Blog Series — Shifting Mindsets,Practical Support for Parents,All Ages,"play, rest, boredom, neuroscience of learning","play and rest as essential not optional, modeling rest",Leslie W. Bray,2025-11-11,https://weareborntolearn.org/resource/shifting-mindsets-making-time-for-play-and-rest-the-hidden-learning,"This blog series — shifting mindsets explores play, rest, boredom, neuroscience of learning and helps families understand the topic through Mosaic's self-directed learning approach.",Blog Series — Shifting Mindsets,Better support a neurodivergent or disabled learner.
"October 2025 Newsletter: Clarity, Connection, & Practical Support in IML",Newsletter,Community Inspiration,All Ages,"newsletter, community focus groups, PDA, everyday learning support","practical guidance, community connection",Mosaic,2025-10-29,https://weareborntolearn.org/resource/october-2025-newsletter,"This newsletter explores newsletter, community focus groups, PDA, everyday learning support and helps families understand the topic through Mosaic's self-directed learning approach.",Newsletter,Connect with other families for encouragement and support.
Shifting Mindsets: Cultivating Independent Thinking and Voice,Blog Series — Shifting Mindsets,Practical Support for Parents,All Ages,"independent thinking, opinion formation, intellectual courage, family decision-making","voice over compliance, intellectual hospitality",Leslie W. Bray,2025-10-28,https://weareborntolearn.org/resource/shifting-mindsets-cultivating-independent-thinking-and-voice,"This blog series — shifting mindsets explores independent thinking, opinion formation, intellectual courage, family decision-making and helps families understand the topic through Mosaic's self-directed learning approach.",Blog Series — Shifting Mindsets,Gain practical guidance for supporting self-directed learning at home.
Radical Learning: Shifting the Focus from Achievements to Curiosity,Blog,Ideas and Activities,All Ages,"process over product, performance conditioning, deschooling parents, curiosity","presence over achievement, authenticity, unlearning conditional worth","Dan Moeller, Kristen Himm; Sari González, Becka Koritz (Radical Learning)",2025-10-28,https://weareborntolearn.org/resource/radical-learning-shifting-the-focus-from-achievements-to-curiosity,"This blog explores process over product, performance conditioning, deschooling parents, curiosity and helps families understand the topic through Mosaic's self-directed learning approach.",Supports families who want to ideas and Activities.,Gain practical guidance for supporting self-directed learning at home.
Coffee Hour Chat – Life and Learning with PDA,Coffee Hour Chat,Neurodivergence,All Ages,"PDA, Pathological Demand Avoidance, declarative language, nervous system safety","autonomy, safety, consent-based communication","Dan Moeller, Kristen Himm",2025-10-22,https://weareborntolearn.org/resource/coffee-hour-chat-life-and-learning-with-pda-pathological-demand-avoidance,"This coffee hour chat explores PDA, Pathological Demand Avoidance, declarative language, nervous system safety and helps families understand the topic through Mosaic's self-directed learning approach.",Coffee Hour Chat,Connect with other families for encouragement and support.
The Un-Curriculum Workbook Series – What If My Child Falls Behind? (Unit 3; Lesson 1),Workbook Lesson,Practical Support for Parents,All Ages,"comparison, 'falling behind,' self-comparison, invisible learning","growth measured against self not peers, community reassurance","Dan Moeller, Kristen Himm",2025-10-21,https://weareborntolearn.org/resource/what-if-my-child-falls-behind-un-curriculum-workbook-unit-3-lesson-1,"This workbook lesson explores comparison, 'falling behind,' self-comparison, invisible learning and helps families understand the topic through Mosaic's self-directed learning approach.",Supports families who want to practical Support for Parents.,Gain practical guidance for supporting self-directed learning at home.
Nurturing Individual Thinkers in Outschool – A Special Collaboration with Outschool,Event,Practical Support for Parents,Parent-focused,"Outschool, self-directed learning, neutrodivergence","agency, consentm personalization","Daniel T. Moeller, Cassie Wiggins, Cassandra",Not specified,https://weareborntolearn.org/resource/nurturing-individual-thinkers-in-outschool-a-special-collaboration-with-outschool/,"This event explores Outschool, self-directed learning, neutrodivergence and helps families understand the topic through Mosaic's self-directed learning approach.",Supports families who want to practical Support for Parents.,Gain practical guidance for supporting self-directed learning at home.
Guiding Tweens and Teens – Nurturing Independence Through Transitions,Blog,Transitioning to Independent Learning,10-18,"tween/teen transitions, autonomy vs rebellion, parent self-regulation, letting go","autonomy as healthy development, relationship as anchor, parent's own work","Sari González, Becka Koritz (Radical Learning)",2025-10-17,https://weareborntolearn.org/resource/workshop-recap-guiding-tweens-and-teens-nurturing-independence-through-transitions-with-radical-learning,"This blog explores tween/teen transitions, autonomy vs rebellion, parent self-regulation, letting go and helps families understand the topic through Mosaic's self-directed learning approach.",Supports families who want to transitioning to Independent Learning.,Strengthen relationships while parenting teens.
Shifting Mindsets: Reframing Learning Beyond Academics,Blog Series — Shifting Mindsets,Practical Support for Parents,All Ages,"learning translation, whole-child portfolio, informal learning recognition","learning is everywhere, competence beyond academics",Leslie W. Bray,2025-10-14,https://weareborntolearn.org/resource/shifting-mindsets-reframing-learning-beyond-academics,"This blog series — shifting mindsets explores learning translation, whole-child portfolio, informal learning recognition and helps families understand the topic through Mosaic's self-directed learning approach.",Blog Series — Shifting Mindsets,Gain practical guidance for supporting self-directed learning at home.
Shifting Mindsets: Following Curiosity: How to Notice and Nurture Interests,Blog Series — Shifting Mindsets,Practical Support for Parents,All Ages,"interest-led learning, curiosity observation, interest inventory","authentic interest over manufactured lessons, trust in the child's questions",Leslie W. Bray,2025-09-30,https://weareborntolearn.org/resource/shifting-mindsets-following-curiosity-how-to-notice-and-nurture-interests,"This blog series — shifting mindsets explores interest-led learning, curiosity observation, interest inventory and helps families understand the topic through Mosaic's self-directed learning approach.",Blog Series — Shifting Mindsets,Gain practical guidance for supporting self-directed learning at home.
September 2025 Newsletter: Supporting PDA and Neurodivergent Learners,Newsletter,Neurodivergence,All Ages,"newsletter, PDA, neurodivergence, community updates","community connection, neurodivergent-affirming support",Mosaic,2025-09-27,https://weareborntolearn.org/resource/september-2025-newsletter,"This newsletter explores newsletter, PDA, neurodivergence, community updates and helps families understand the topic through Mosaic's self-directed learning approach.",Newsletter,Better support a neurodivergent or disabled learner.
"The Un-Curriculum Workbook Series – Beginning to Observe, Notice, and Allow (Unit 2; Lesson 4)",Workbook Lesson,Practical Support for Parents,All Ages,"observation, stepping back, language shifts, trust","maximum support minimum interference, trust in natural discovery","Dan Moeller, Kristen Himm",2025-09-25,https://weareborntolearn.org/resource/workbook-event-recap-the-un-curriculum-workbook-series-beginning-to-observe-notice-and-allow-unit-2-lesson-4,"This workbook lesson explores observation, stepping back, language shifts, trust and helps families understand the topic through Mosaic's self-directed learning approach.",Supports families who want to practical Support for Parents.,Gain practical guidance for supporting self-directed learning at home.
September Coffee Hour Recap: Centering the Learner,Coffee Hour Chat,Event,All Ages,"centering the learner, flexibility, personalization, advocacy","individuality, agency, humanity over one-size-fits-all",Daniel T. Moeller (facilitator),2025-09-22,https://weareborntolearn.org/resource/september-coffee-hour-recap-centering-the-learner,"This coffee hour chat explores centering the learner, flexibility, personalization, advocacy and helps families understand the topic through Mosaic's self-directed learning approach.",Coffee Hour Chat,Connect with other families for encouragement and support.
Shifting Mindsets: Creating Space for Autonomy After School,Blog Series — Shifting Mindsets,Practical Support for Parents,All Ages,"after-school autonomy, decompression, scaffolded choice, yes spaces","self-trust, decision-making practice, partnership not permissiveness",Leslie W. Bray,2025-09-16,https://weareborntolearn.org/resource/shifting-mindsets-creating-space-for-autonomy-after-school,"This blog series — shifting mindsets explores after-school autonomy, decompression, scaffolded choice, yes spaces and helps families understand the topic through Mosaic's self-directed learning approach.",Blog Series — Shifting Mindsets,Gain practical guidance for supporting self-directed learning at home.
Shifting Mindsets: From Schoolwork to Meaningful Learning,Blog Series — Shifting Mindsets,Practical Support for Parents,All Ages,"homework, schoolwork vs learning, 'I see learning' ritual","curiosity over compliance, connection before task completion",Leslie W. Bray,2025-09-02,https://weareborntolearn.org/resource/shifting-mindsets-from-schoolwork-to-meaningful-learning,"This blog series — shifting mindsets explores homework, schoolwork vs learning, 'I see learning' ritual and helps families understand the topic through Mosaic's self-directed learning approach.",Blog Series — Shifting Mindsets,Gain practical guidance for supporting self-directed learning at home.
Workshop Recap: From 'Teacher' to 'Learning Guide',Workshop Recap,Event,All Ages,"former teachers, unlearning conditioning, collaboration over control, coercion","trust over instruction, connection over compliance",Mosaic Guides (multi-contributor workshop),2025-08-18,https://weareborntolearn.org/resource/workshop-recap-from-teacher-to-learning-guide,"This workshop recap explores former teachers, unlearning conditioning, collaboration over control, coercion and helps families understand the topic through Mosaic's self-directed learning approach.",Workshop Recap,Gain practical guidance for supporting self-directed learning at home.
August Coffee Chat Recap: Peaceful Parenting and Nonviolent Communication,Coffee Hour Chat,Event,All Ages,"peaceful parenting, nonviolent communication, nervous system regulation","partnership over punishment, emotional regulation",Mosaic,2025-08-11,https://weareborntolearn.org/resource/august-coffee-chat-recap-peaceful-parenting-and-nonviolent-communication,"This coffee hour chat explores peaceful parenting, nonviolent communication, nervous system regulation and helps families understand the topic through Mosaic's self-directed learning approach.",Coffee Hour Chat,Connect with other families for encouragement and support.
"Unschooling, Community, and the Mosaic Collective | Meet the Guides",Blog,Community Inspiration,All Ages,"guide bios, Mosaic Collective, community introduction","community, shared learning","Leslie W. Bray, Kristen Himm, Daniel T. Moeller",2025-08-06,https://weareborntolearn.org/resource/unschooling-community-and-the-mosaic-collective-meet-the-guides,"This blog explores guide bios, Mosaic Collective, community introduction and helps families understand the topic through Mosaic's self-directed learning approach.",Supports families who want to community Inspiration.,Connect with other families for encouragement and support.
Navigating Screen Time: Real Conversations for Real Families,Blog,Ideas and Activities,All Ages,"screen time, values-based decisions, addiction concerns, mindful use","values over rulebooks, flexibility and grace","Dan Moeller, Leslie Bray, Analé Fernandez",2025-08-04,https://weareborntolearn.org/resource/navigating-screen-time-real-conversations-for-real-families,"This blog explores screen time, values-based decisions, addiction concerns, mindful use and helps families understand the topic through Mosaic's self-directed learning approach.",Supports families who want to ideas and Activities.,Gain practical guidance for supporting self-directed learning at home.
August 2025 Newsletter: Back-to-School Season in Self-Directed Learning,Newsletter,Community Inspiration,All Ages,"newsletter, seasonal rhythm, back-to-school","curiosity over calendar, year-round learning",Mosaic,2025-08-01,https://weareborntolearn.org/resource/august-2025-newsletter,"This newsletter explores newsletter, seasonal rhythm, back-to-school and helps families understand the topic through Mosaic's self-directed learning approach.",Newsletter,Gain practical guidance for supporting self-directed learning at home.
The Un-Curriculum Workbook (Full),Workbook Lesson,Practical Support for Parents,All Ages,"Un-Curriculum Workbook, full version, member resource","child-led rhythm, foundational approach","Kristen Himm, Daniel T. Moeller",2025-07-30,https://weareborntolearn.org/resource/un-curriculum-workbook/,"This workbook lesson explores Un-Curriculum Workbook, full version, member resource and helps families understand the topic through Mosaic's self-directed learning approach.",Supports families who want to practical Support for Parents.,Gain practical guidance for supporting self-directed learning at home.
The Un-Curriculum Workbook (Preview),Workbook Lesson,Practical Support for Parents,All Ages,"Un-Curriculum Workbook, preview, sample lessons","child-led rhythm, low-barrier entry point","Kristen Himm, Daniel T. Moeller",2025-07-23,https://weareborntolearn.org/resource/the-un-curriculum-workbook-preview,"This workbook lesson explores Un-Curriculum Workbook, preview, sample lessons and helps families understand the topic through Mosaic's self-directed learning approach.",Supports families who want to practical Support for Parents.,Gain practical guidance for supporting self-directed learning at home.
Workshop Recap: Balancing Your Kid's Needs with Your Own,Workshop Recap,Event,All Ages,"parent burnout, needs vs wants, family culture, consent","relationship and consent first, re-balancing self before others","Mosaic (workshop; Cassandra, Dan, Shell)",2025-07-22,https://weareborntolearn.org/resource/balancing-your-kids-needs-with-your-own,"This workshop recap explores parent burnout, needs vs wants, family culture, consent and helps families understand the topic through Mosaic's self-directed learning approach.",Workshop Recap,Gain practical guidance for supporting self-directed learning at home.
July Coffee Chat Recap: Reparenting and Inner Healing,Coffee Hour Chat,Event,All Ages,"reparenting, inner healing, generational patterns, boundaries","self-compassion, healing without blame","Dan Moeller, Kristen Himm",2025-07-21,https://weareborntolearn.org/resource/recap-reparenting-and-inner-healing,"This coffee hour chat explores reparenting, inner healing, generational patterns, boundaries and helps families understand the topic through Mosaic's self-directed learning approach.",Coffee Hour Chat,Connect with other families for encouragement and support.
July 2025 Newsletter: Reimagining the Parent Role in Unschooling,Newsletter,Community Inspiration,All Ages,"newsletter, parent role, reflection","reflection, possibility",Mosaic,2025-07-01,https://weareborntolearn.org/resource/july-2025-newsletter,"This newsletter explores newsletter, parent role, reflection and helps families understand the topic through Mosaic's self-directed learning approach.",Newsletter,Gain practical guidance for supporting self-directed learning at home.
June Coffee Hour Recap: How Judgment and Comparison Hold Us Back – and What We Can Do About It,Coffee Hour Chat,Event,All Ages,"judgment, comparison, 'right way' thinking, self-compassion","authenticity not perfection, curiosity over shame","Dan Moeller, Kristen Himm",2025-06-26,https://weareborntolearn.org/resource/how-judgement-and-comparison-hold-us-back-and-what-we-can-do-about-it,"This coffee hour chat explores judgment, comparison, 'right way' thinking, self-compassion and helps families understand the topic through Mosaic's self-directed learning approach.",Coffee Hour Chat,Connect with other families for encouragement and support.
June 2025 Newsletter: A New Chapter — The Mosaic Collective,Newsletter,Community Inspiration,All Ages,"newsletter, Mosaic Collective launch, community","community, new chapter",Mosaic,2025-06-01,https://weareborntolearn.org/resource/june-2025-newsletter,"This newsletter explores newsletter, Mosaic Collective launch, community and helps families understand the topic through Mosaic's self-directed learning approach.",Newsletter,Connect with other families for encouragement and support.
Q&A for Parents Interested in School Alternatives,Blog,Ideas and Activities,All Ages,"Q&A, homeschooling logistics, getting started","clarity, following your own values","Daniel Moeller, Kristen Himm",2025-05-22,https://weareborntolearn.org/resource/q-and-a-for-parents-interested-in-school-alternatives,"This blog explores Q&A, homeschooling logistics, getting started and helps families understand the topic through Mosaic's self-directed learning approach.",Supports families who want to ideas and Activities.,Gain practical guidance for supporting self-directed learning at home.
Workshop Recap: Life Skills Over Core Subjects,Workshop Recap,Event,All Ages,"life skills, movement, curiosity-led learning, real-world practice","learning as lifelong and natural, movement-friendly learning","Sari González, Becka Koritz (Radical Learning)",2025-05-20,https://weareborntolearn.org/resource/life-skills-over-core-subjects-preparing-for-the-real-world,"This workshop recap explores life skills, movement, curiosity-led learning, real-world practice and helps families understand the topic through Mosaic's self-directed learning approach.",Workshop Recap,Gain practical guidance for supporting self-directed learning at home.
May 2025 Newsletter: Launching The Mosaic Collective & Deepening Community,Newsletter,Community Inspiration,All Ages,"newsletter, Mosaic Collective launch, community deepening","community, connection",Mosaic,2025-05-01,https://weareborntolearn.org/resource/may-2025-newsletter,"This newsletter explores newsletter, Mosaic Collective launch, community deepening and helps families understand the topic through Mosaic's self-directed learning approach.",Newsletter,Connect with other families for encouragement and support.
Tracking Progress in Self-Directed Learning (Part 2),Blog,Ideas and Activities,All Ages,"learning portfolios, documentation, AI tools, transcripts","low-pressure reflection, child ownership of documentation",Leslie W. Bray,2025-04-30,https://weareborntolearn.org/resource/tracking-progress-in-self-directed-learning-part-2,"This blog explores learning portfolios, documentation, AI tools, transcripts and helps families understand the topic through Mosaic's self-directed learning approach.",Supports families who want to ideas and Activities.,Gain practical guidance for supporting self-directed learning at home.
How to Connect With Interesting Strangers,Blog,Ideas and Activities,11-18,"teen self-advocacy, cold outreach, mentorship, real-world connection","self-directed initiative, respectful outreach","Blake Boles (BlakeBoles.com, excerpted)",2025-04-24,https://weareborntolearn.org/resource/how-to-connect-with-interesting-strangers,"This blog explores teen self-advocacy, cold outreach, mentorship, real-world connection and helps families understand the topic through Mosaic's self-directed learning approach.",Supports families who want to ideas and Activities.,Strengthen relationships while parenting teens.
Using Music to Spark Curiosity & Learning Workshop,Workshop Recap,Event,6-18,"music, TeachRock, history through song, cultural identity","learning through emotion and culture, meaningful over rote",Mosaic × TeachRock,2025-04-16,https://weareborntolearn.org/resource/using-music-to-spark-curiosity-learning-workshop,"This workshop recap explores music, TeachRock, history through song, cultural identity and helps families understand the topic through Mosaic's self-directed learning approach.",Workshop Recap,Gain practical guidance for supporting self-directed learning at home.
"April 2025 Newsletter: Community, Connection, and Building Supportive Learning Ecosystems",Newsletter,Community Inspiration,All Ages,"newsletter, membership hub launch, community feedback","community responsiveness, deeper connection",Mosaic,2025-04-01,https://weareborntolearn.org/resource/april-2025-newsletter,"This newsletter explores newsletter, membership hub launch, community feedback and helps families understand the topic through Mosaic's self-directed learning approach.",Newsletter,Connect with other families for encouragement and support.
Supporting Neurodivergent Youth through Self-Directed Learning,Blog,Neurodivergence,All Ages,"neurodivergence, trust before proof, demand-avoidance, boundaries","safety and autonomy first, dignity-preserving boundaries","Sari González, Becka Koritz (Radical Learning)",2025-03-05,https://weareborntolearn.org/resource/supporting-neurodivergent-youth-through-self-directed-learning,"This blog explores neurodivergence, trust before proof, demand-avoidance, boundaries and helps families understand the topic through Mosaic's self-directed learning approach.",Supports families who want to neurodivergence.,Better support a neurodivergent or disabled learner.
March 2025 Newsletter: Learning Beyond School and Traditional Structures,Newsletter,Community Inspiration,All Ages,"newsletter, learning beyond school, flexibility","flexibility, creativity, discovery",Mosaic,2025-03-01,https://weareborntolearn.org/resource/march-2025-newsletter,"This newsletter explores newsletter, learning beyond school, flexibility and helps families understand the topic through Mosaic's self-directed learning approach.",Newsletter,Gain practical guidance for supporting self-directed learning at home.
Transitioning to Self-Directed Learning Workshop,Workshop Recap,Event,All Ages,"transition to unschooling, learning partner, deschooling, yes-rich environment","trust plus observation over proof-seeking, relationship before redirecting","Sari González, Becka Koritz (Radical Learning)",2025-02-24,https://weareborntolearn.org/resource/transitioning-to-self-directed-learning-workshop,"This workshop recap explores transition to unschooling, learning partner, deschooling, yes-rich environment and helps families understand the topic through Mosaic's self-directed learning approach.",Workshop Recap,Gain practical guidance for supporting self-directed learning at home.
February 2025 Newsletter: Neurodiversity and Self-Directed Learning,Newsletter,Community Inspiration,All Ages,"newsletter, neurodiversity, seasonal transition",neurodivergent-affirming support,Mosaic,2025-02-01,https://weareborntolearn.org/resource/february-2025-newsletter,"This newsletter explores newsletter, neurodiversity, seasonal transition and helps families understand the topic through Mosaic's self-directed learning approach.",Newsletter,Better support a neurodivergent or disabled learner.
Tracking Progress in Self-Directed Learning Workshop (Part 1),Workshop Recap,Event,All Ages,"learning portfolios, documentation formats, weekly check-ins","low-pressure reflection, future-audience awareness",Leslie W. Bray,2025-01-24,https://weareborntolearn.org/resource/tracking-progress-workshop-part-1,"This workshop recap explores learning portfolios, documentation formats, weekly check-ins and helps families understand the topic through Mosaic's self-directed learning approach.",Workshop Recap,Gain practical guidance for supporting self-directed learning at home.
January 2025 Newsletter: Personal Growth and Letting Go of Comparison,Newsletter,Community Inspiration,All Ages,"newsletter, personal growth, comparison, New Year reset","growth over perfection, letting go of comparison",Mosaic,2025-01-01,https://weareborntolearn.org/resource/january-2025-newsletter,"This newsletter explores newsletter, personal growth, comparison, New Year reset and helps families understand the topic through Mosaic's self-directed learning approach.",Newsletter,Gain practical guidance for supporting self-directed learning at home.
Supporting Self-Directed Learning Workshop,Workshop Recap,Event,All Ages,"intrinsic motivation, learning everywhere, sharing power","trust over control, consent-centered support","Sari González, Becka Koritz (Radical Learning)",2024-12-23,https://weareborntolearn.org/resource/supporting-self-directed-learning-workshop,"This workshop recap explores intrinsic motivation, learning everywhere, sharing power and helps families understand the topic through Mosaic's self-directed learning approach.",Workshop Recap,Gain practical guidance for supporting self-directed learning at home.
December 2024 Newsletter,Newsletter,Community Inspiration,All Ages,"newsletter, winter holidays, new year","togetherness, tradition, growth",Mosaic,2024-12-01,https://weareborntolearn.org/resource/december-2024-newsletter,"This newsletter explores newsletter, winter holidays, new year and helps families understand the topic through Mosaic's self-directed learning approach.",Newsletter,Gain practical guidance for supporting self-directed learning at home.
Allowing Young People To Be Who They Are,Blog,Ideas and Activities,All Ages,"podcast, parent self-care, modeling, invisible learning","authenticity, self-trust in parenting",Esther Jones (host); April Scully (guest),2024-11-24,https://weareborntolearn.org/resource/the-power-of-letting-kids-be-themselves/,"This blog explores podcast, parent self-care, modeling, invisible learning and helps families understand the topic through Mosaic's self-directed learning approach.",Supports families who want to ideas and Activities.,Gain practical guidance for supporting self-directed learning at home.
How Self-Directed Learning Strengthens Family Bonds,Blog,Ideas and Activities,All Ages,"family bonds, sibling connection, shared learning, conflict as growth","closeness through shared learning, curiosity through friction","Mosaic (family voices: Alston, Leah, Yusuf)",2024-11-11,https://weareborntolearn.org/resource/self-directed-education-is-about-family-relationships,"This blog explores family bonds, sibling connection, shared learning, conflict as growth and helps families understand the topic through Mosaic's self-directed learning approach.",Supports families who want to ideas and Activities.,Gain practical guidance for supporting self-directed learning at home.
November 2024 Newsletter,Newsletter,Community Inspiration,All Ages,"newsletter, November, exam season, seasonal stress",grounding during a busy season,Mosaic,2024-11-01,https://weareborntolearn.org/resource/november-2024-newsletter,"This newsletter explores newsletter, November, exam season, seasonal stress and helps families understand the topic through Mosaic's self-directed learning approach.",Newsletter,Gain practical guidance for supporting self-directed learning at home.
Helping Young Adults Connect Work to Purpose,Blog,Community Inspiration,13-18,"career alternatives, degree-free paths, purpose-driven work",individual fit over traditional narrative,Ryan and Hannah (Degree Free podcast),2024-10-23,https://weareborntolearn.org/resource/helping-your-young-adult-find-a-job-that-supports-their-long-term-goals,"This blog explores career alternatives, degree-free paths, purpose-driven work and helps families understand the topic through Mosaic's self-directed learning approach.",Supports families who want to community Inspiration.,Gain practical guidance for supporting self-directed learning at home.
Parenting: What's Different Today?,Blog,Ideas and Activities,All Ages,"traditional vs growth-centered parenting responses, agency, emotional intelligence",empathy and trust over command and control,Daniel T. Moeller,2024-04-17,https://weareborntolearn.org/resource/old-parenting-vs-new-parenting-style,"This blog explores traditional vs growth-centered parenting responses, agency, emotional intelligence and helps families understand the topic through Mosaic's self-directed learning approach.",Supports families who want to ideas and Activities.,Gain practical guidance for supporting self-directed learning at home.
Recommended Reading For Your Unschooling Journey,Blog,Ideas and Activities,All Ages,"book list, parenting philosophy, deschooling reading","varied entry points, ongoing learning for parents",Mosaic,2024-04-15,https://weareborntolearn.org/resource/recommended-reading-for-your-unschooling-journey,"This blog explores book list, parenting philosophy, deschooling reading and helps families understand the topic through Mosaic's self-directed learning approach.",Supports families who want to ideas and Activities.,Gain practical guidance for supporting self-directed learning at home.
"A Different Take on ""Core Subjects""",Blog,Ideas and Activities,All Ages,"alternative Core Four, cognitive/physical/emotional/social development",whole-child development over academic subjects,Kristen Himm,2024-04-10,https://weareborntolearn.org/resource/a-different-take-on-the-core-four,"This blog explores alternative Core Four, cognitive/physical/emotional/social development and helps families understand the topic through Mosaic's self-directed learning approach.",Supports families who want to ideas and Activities.,Gain practical guidance for supporting self-directed learning at home.
Recommended Viewing to Learn Unschooling Principles,Blog,Ideas and Activities,All Ages,"movies, TV shows, curiosity and independence themes","learning through shared media, curiosity role models",Mosaic,2024-04-09,https://weareborntolearn.org/resource/recommended-viewing-to-learn-unschooling-principles,"This blog explores movies, TV shows, curiosity and independence themes and helps families understand the topic through Mosaic's self-directed learning approach.",Supports families who want to ideas and Activities.,Gain practical guidance for supporting self-directed learning at home.
Exploring Transitions to Unschooling,Blog,Transitioning to Independent Learning,13-18,"transition story, homeschool to community college, autonomy","self-paced transition, autonomy and self-awareness",Analé (with Dan Moeller),2024-02-14,https://weareborntolearn.org/resource/exploring-transitions-to-unschooling,"This blog explores transition story, homeschool to community college, autonomy and helps families understand the topic through Mosaic's self-directed learning approach.",Supports families who want to transitioning to Independent Learning.,Prepare for college or future pathways.
Exploring Common Questions,Blog,Ideas and Activities,All Ages,"FAQ, SDE basics, benefits, measuring success","trust over enforced obedience, individualized success","Chris Steinmeier, Krystal Dillard (Natural Creativity)",2023-12-19,https://weareborntolearn.org/resource/exploring-common-questions,"This blog explores FAQ, SDE basics, benefits, measuring success and helps families understand the topic through Mosaic's self-directed learning approach.",Supports families who want to ideas and Activities.,Gain practical guidance for supporting self-directed learning at home.
Homeschooling Starter Kit,Blog,Transitioning to Independent Learning,All Ages,"getting started, legal requirements, homeschool planning","curiosity before curriculum, consent, personalized minimums",Daniel T. Moeller,2023-12-19,https://weareborntolearn.org/resource/homeschooling-starter-kit,"This blog explores getting started, legal requirements, homeschool planning and helps families understand the topic through Mosaic's self-directed learning approach.",Supports families who want to transitioning to Independent Learning.,Gain practical guidance for supporting self-directed learning at home.
The Power of Multigenerational Learning,Blog,Ideas and Activities,All Ages,"grandparents, elders, intergenerational learning, storytelling","community and family as teachers, consent modeled by elders",Mosaic,2023-11-24,https://weareborntolearn.org/resource/the-power-of-multigenerational-learning,"This blog explores grandparents, elders, intergenerational learning, storytelling and helps families understand the topic through Mosaic's self-directed learning approach.",Supports families who want to ideas and Activities.,Gain practical guidance for supporting self-directed learning at home.
Exploring Core Subject in Everyday Life,Blog,Ideas and Activities,All Ages,"core subjects in daily life, math, science, writing",real-world application over rote memorization,Mosaic,2023-11-24,https://weareborntolearn.org/resource/learning-core-subjects-embracing-everyday-exploration,"This blog explores core subjects in daily life, math, science, writing and helps families understand the topic through Mosaic's self-directed learning approach.",Supports families who want to ideas and Activities.,Gain practical guidance for supporting self-directed learning at home.
Parenting for Emotional Well-Being,Blog,Emotional Support for Parents,All Ages,"emotional well-being, quiet spaces, healthy habits, creative expression","presence over external achievement, well-being as the goal",Mosaic,2023-09-24,https://weareborntolearn.org/resource/nurturing-parenting-childrens-mental-health,"This blog explores emotional well-being, quiet spaces, healthy habits, creative expression and helps families understand the topic through Mosaic's self-directed learning approach.",Supports families who want to emotional Support for Parents.,Gain practical guidance for supporting self-directed learning at home.
Intentional Parenting with Leslie W. Bray,Blog,Ideas and Activities,All Ages,"intentional living, life learning, burnout, community","mindful choices, life learning without timelines","Daniel T. Moeller, Leslie W. Bray",2023-09-24,https://weareborntolearn.org/resource/intentional-parenting-with-leslie-w-bray,"This blog explores intentional living, life learning, burnout, community and helps families understand the topic through Mosaic's self-directed learning approach.",Supports families who want to ideas and Activities.,Connect with other families for encouragement and support.
Deschooling in Community with Sari González and Becka Koritz,Blog,Transitioning to Independent Learning,All Ages,"deschooling, adult supremacy, community deschooling","questioning assumptions together, breaking down power systems","Sari González, Becka Koritz (Radical Learning)",2023-09-22,https://weareborntolearn.org/resource/deschooling-in-community-with-sari-gonzalez-and-becka-koritz,"This blog explores deschooling, adult supremacy, community deschooling and helps families understand the topic through Mosaic's self-directed learning approach.",Supports families who want to transitioning to Independent Learning.,Connect with other families for encouragement and support.
Affording and Sustaining Unschooling with Tonita Austin,Blog,Practical Support for Parents,All Ages,"budgeting, single-parent unschooling, tax considerations, scholarships","value-aligned spending, community-supported affordability",Tonita Austin,2023-09-20,https://weareborntolearn.org/resource/can-i-afford-to-unschool-chat-with-tonita-austin,"This blog explores budgeting, single-parent unschooling, tax considerations, scholarships and helps families understand the topic through Mosaic's self-directed learning approach.",Supports families who want to practical Support for Parents.,Gain practical guidance for supporting self-directed learning at home.
Power-Sharing: Making Decisions with Our Young People,Blog,Ideas and Activities,All Ages,"shared decision-making, age-appropriate choices, family meetings","honoring personhood, autonomy through practice",Mosaic,2023-09-20,https://weareborntolearn.org/resource/power-sharing-making-decisions-with-our-young-people,"This blog explores shared decision-making, age-appropriate choices, family meetings and helps families understand the topic through Mosaic's self-directed learning approach.",Supports families who want to ideas and Activities.,Gain practical guidance for supporting self-directed learning at home.
Parents' Most Common Questions or What Parents Really Want to Know,Blog,Ideas and Activities,All Ages,"FAQ, math, prom, teaching background, affordability, state law","reassurance through real answers, learning as everyday life",Mosaic,2023-08-24,https://weareborntolearn.org/resource/questions-parents-ask-about-independent-meaningful-learning,"This blog explores FAQ, math, prom, teaching background, affordability, state law and helps families understand the topic through Mosaic's self-directed learning approach.",Supports families who want to ideas and Activities.,Gain practical guidance for supporting self-directed learning at home.
What's A Day Like?,Blog,Ideas and Activities,6-14,"day-in-the-life, sibling learners, Minecraft, self-planning","child voice, self-directed daily rhythm",Noah and Caleb (young learners),2023-07-24,https://weareborntolearn.org/resource/hear-from-unschoolers-whats-a-day-like,"This blog explores day-in-the-life, sibling learners, Minecraft, self-planning and helps families understand the topic through Mosaic's self-directed learning approach.",Supports families who want to ideas and Activities.,Gain practical guidance for supporting self-directed learning at home.
Four Things You Can Do To Try Self-Directed Education,Blog,Ideas and Activities,All Ages,"getting curious, reimagining learning, consent, letting kids lead","low-barrier entry into SDE, observation before intervention",Mosaic,2023-07-13,https://weareborntolearn.org/resource/four-things-you-can-do-to-try-self-directed-education,"This blog explores getting curious, reimagining learning, consent, letting kids lead and helps families understand the topic through Mosaic's self-directed learning approach.",Supports families who want to ideas and Activities.,Gain practical guidance for supporting self-directed learning at home.
Four Ways To Dip Your Toes into Independent Meaningful Learning,Blog,Ideas and Activities,All Ages,"dip in, observation, consent, letting child lead",low-barrier entry into SDE,Mosaic,2023-06-22,https://weareborntolearn.org/resource/4-ways-to-dip-your-toes-into-independent-meaningful-learning,"This blog explores dip in, observation, consent, letting child lead and helps families understand the topic through Mosaic's self-directed learning approach.",Supports families who want to ideas and Activities.,Gain practical guidance for supporting self-directed learning at home.
From Unschooling to Self-Starter: Alston's Story,Blog,Community Inspiration,13-18,"self-starter story, growth mindset, curiosity over judgment","diverse experience builds identity, curiosity over critique",Mosaic (Alston's story),2023-06-18,https://weareborntolearn.org/resource/from-unschooling-to-self-starter-alstons-story/,"This blog explores self-starter story, growth mindset, curiosity over judgment and helps families understand the topic through Mosaic's self-directed learning approach.",Supports families who want to community Inspiration.,Gain practical guidance for supporting self-directed learning at home.
Follow Your Curiosity and See Where the Learning Takes You,Blog,Ideas and Activities,All Ages,"curiosity-led learning, wondering, following interests","curiosity as the driver, non-linear exploration",Daniel T. Moeller,2023-06-15,https://weareborntolearn.org/resource/follow-your-curiosity-and-see-where-the-learning-takes-you,"This blog explores curiosity-led learning, wondering, following interests and helps families understand the topic through Mosaic's self-directed learning approach.",Supports families who want to ideas and Activities.,Gain practical guidance for supporting self-directed learning at home.
How Do I Start? Do I Jump or Dip?,Blog,Ideas and Activities,All Ages,"jumpers vs dippers, transition pace, legal steps, community","honoring your own pace, no race to learning",Mosaic,2023-06-09,https://weareborntolearn.org/resource/how-do-i-start-do-i-jump-or-dip,"This blog explores jumpers vs dippers, transition pace, legal steps, community and helps families understand the topic through Mosaic's self-directed learning approach.",Supports families who want to ideas and Activities.,Connect with other families for encouragement and support.
Challenges & Possibilities of Deschooling,Blog,Transitioning to Independent Learning,All Ages,"deschooling, unlearning, flexible rhythm, reflection questions","freeing rather than only overwhelming, personal non-linear process",Mosaic,2023-05-26,https://weareborntolearn.org/resource/learning-in-creative-new-ways-deschooling,"This blog explores deschooling, unlearning, flexible rhythm, reflection questions and helps families understand the topic through Mosaic's self-directed learning approach.",Supports families who want to transitioning to Independent Learning.,Gain practical guidance for supporting self-directed learning at home.
"Mindful Parenting: Simple Practices for Connection, Calm, and Growth",Blog,Ideas and Activities,All Ages,"mindful parenting, active listening, pause before responding, reframing no","presence over perfection, mindfulness paired with IML",Mosaic,2023-05-24,https://weareborntolearn.org/resource/parenting-with-intention-and-mindfulness,"This blog explores mindful parenting, active listening, pause before responding, reframing no and helps families understand the topic through Mosaic's self-directed learning approach.",Supports families who want to ideas and Activities.,Gain practical guidance for supporting self-directed learning at home.
Different Approaches to Child-Centered Learning,Blog,Ideas and Activities,All Ages,"SDE centers, project-based learning, gameschooling, wildschooling, radical unschooling, worldschooling","mix and match flexibility, trust your intuition",Mosaic,2023-05-23,https://weareborntolearn.org/resource/different-approaches-to-child-centered-learning,"This blog explores SDE centers, project-based learning, gameschooling, wildschooling, radical unschooling, worldschooling and helps families understand the topic through Mosaic's self-directed learning approach.",Supports families who want to ideas and Activities.,Gain practical guidance for supporting self-directed learning at home.
What Does Empowerment and Agency Look Like?,Blog,Ideas and Activities,All Ages,"empowerment, agency, supportive environments, playground/home practices","trust builds self-sufficiency, tailored spaces show love",Crystal Bird Farmer,2023-03-02,https://weareborntolearn.org/resource/helping-young-people-find-their-agency,"This blog explores empowerment, agency, supportive environments, playground/home practices and helps families understand the topic through Mosaic's self-directed learning approach.",Supports families who want to ideas and Activities.,Gain practical guidance for supporting self-directed learning at home.
Practical Strategies to Encourage Independent Thinking,Blog,Ideas and Activities,All Ages,"boredom as autonomy, interest catalog, bored list, thinking out loud","modeling over instructing, boredom as opportunity",Daniel T. Moeller,2023-02-23,https://weareborntolearn.org/resource/practical-strategies-to-encourage-independent-thinking/,"This blog explores boredom as autonomy, interest catalog, bored list, thinking out loud and helps families understand the topic through Mosaic's self-directed learning approach.",Supports families who want to ideas and Activities.,Gain practical guidance for supporting self-directed learning at home.
Deschooling Questions for Better Family Agreements,Blog,Transitioning to Independent Learning,All Ages,"flexible family agreements, disrupting pass/fail mindset, reflection questions","agency and ownership over grading, values-driven success definitions",Mosaic,2023-02-22,https://weareborntolearn.org/resource/deschooling-questions-for-better-family-agreements,"This blog explores flexible family agreements, disrupting pass/fail mindset, reflection questions and helps families understand the topic through Mosaic's self-directed learning approach.",Supports families who want to transitioning to Independent Learning.,Gain practical guidance for supporting self-directed learning at home.
Building Connection Through Communication,Blog,Ideas and Activities,All Ages,"communication, family meetings, active listening, quality time","openness and vulnerability, presence over rushing",Mosaic (featuring Yusuf's letter),2023-02-21,https://weareborntolearn.org/resource/building-connection-through-communication/,"This blog explores communication, family meetings, active listening, quality time and helps families understand the topic through Mosaic's self-directed learning approach.",Supports families who want to ideas and Activities.,Gain practical guidance for supporting self-directed learning at home.
Already Homeschooling? Ask Yourself These Four Questions,Blog,Ideas and Activities,All Ages,"homeschool reflection, four questions, centering child's needs","reflection over autopilot, personalization",Mosaic,2023-02-21,https://weareborntolearn.org/resource/already-homeschooling-ask-yourself-these-four-questions,"This blog explores homeschool reflection, four questions, centering child's needs and helps families understand the topic through Mosaic's self-directed learning approach.",Supports families who want to ideas and Activities.,Gain practical guidance for supporting self-directed learning at home.
A Deep Conversation on Unschooling Challenges,Blog,Managing Challenges,All Ages,"unschooling challenges, adult conditioning, deep conversation","flexibility over perfection, centering the learner's experience","Maleka Diggs, Daniel Moeller",2023-02-03,https://weareborntolearn.org/resource/a-deep-conversation-on-unschooling-challenges,"This blog explores unschooling challenges, adult conditioning, deep conversation and helps families understand the topic through Mosaic's self-directed learning approach.",Supports families who want to managing Challenges.,Gain practical guidance for supporting self-directed learning at home.
Three Things I Wish I Knew When I Started,Blog,Ideas and Activities,All Ages,"lessons learned, deschooling difficulty, avoiding comparison, trust the process","trust over comparison, patience with deschooling",Mosaic (parent reflection),2022-09-24,https://weareborntolearn.org/resource/three-things-i-wish-i-knew-when-i-started,"This blog explores lessons learned, deschooling difficulty, avoiding comparison, trust the process and helps families understand the topic through Mosaic's self-directed learning approach.",Supports families who want to ideas and Activities.,Gain practical guidance for supporting self-directed learning at home.
An Unschooler Finding Purpose,Blog,Community Inspiration,18+,"finding purpose, internal compass, self-directed adulthood","purpose as internally located, self-reliance",Annie (grown unschooler),2022-09-24,https://weareborntolearn.org/resource/the-gift-of-purpose,"This blog explores finding purpose, internal compass, self-directed adulthood and helps families understand the topic through Mosaic's self-directed learning approach.",Supports families who want to community Inspiration.,Gain practical guidance for supporting self-directed learning at home.
Unschooling and Money,Blog,Practical Support for Parents,All Ages,"unschooling and money, survival mode vs liberation, structural realities","honesty about privilege and structure, reclaiming time and energy",Akilah S. Richards,2022-09-24,https://weareborntolearn.org/resource/my-big-shift-in-perspective-on-unschooling-and-money,"This blog explores unschooling and money, survival mode vs liberation, structural realities and helps families understand the topic through Mosaic's self-directed learning approach.",Supports families who want to practical Support for Parents.,Gain practical guidance for supporting self-directed learning at home.
Making The Leap To Unschooling For A Disabled Child,Blog,Practical Support for Parents,All Ages,"disability, unschooling, self-directed learning, community","flxibility, trust, play",Mosaic Blog,Not specified,https://weareborntolearn.org/resource/making-the-leap-to-unschooling-for-a-disabled-child/,"This blog explores disability, unschooling, self-directed learning, community and helps families understand the topic through Mosaic's self-directed learning approach.",Supports families who want to practical Support for Parents.,Connect with other families for encouragement and support.
How To Get Started With Self-Directed Education,Blog,Ideas and Activities,All Ages,"withdrawal paperwork, deschooling, family values, finding community","clarity before action, values over external expectations",Mosaic (feat. Domari Dickinson),2022-09-24,https://weareborntolearn.org/resource/how-to-get-started-with-self-directed-education,"This blog explores withdrawal paperwork, deschooling, family values, finding community and helps families understand the topic through Mosaic's self-directed learning approach.",Supports families who want to ideas and Activities.,Connect with other families for encouragement and support.
Five Points to Convincing Your Guardian to Make the Switch to Unschooling,Blog,Ideas and Activities,13-18,"teen advocacy, convincing parents, college pathway, catching up academically","teen voice and agency, self-advocacy",Mosaic (teen contributor),2022-09-24,https://weareborntolearn.org/resource/convincing-your-guardians-to-make-the-switch-to-unschooling,"This blog explores teen advocacy, convincing parents, college pathway, catching up academically and helps families understand the topic through Mosaic's self-directed learning approach.",Supports families who want to ideas and Activities.,Strengthen relationships while parenting teens.
"From ""Yes, but"" to ""Yes, if""",Blog,Ideas and Activities,All Ages,"fear reframing, mindset shift, conditional trust","possibility over fear, trust in the process",Iris Chen,2022-09-24,https://weareborntolearn.org/resource/from-yes-but-to-yes-if,"This blog explores fear reframing, mindset shift, conditional trust and helps families understand the topic through Mosaic's self-directed learning approach.",Supports families who want to ideas and Activities.,Gain practical guidance for supporting self-directed learning at home.
Unschooling is a Great Choice for Children with Disabilities,Blog,How Do We Know This Works?,All Ages,"disabilities, epilepsy, self-directed learning, flexible schedules, individualized learning","flibility, autonomy, lchild-led learning, inclusion",Mosaic Blog,Not specified,https://weareborntolearn.org/resource/unschooling-is-a-great-choice-for-children-with-disabilities/,"This blog explores disabilities, epilepsy, self-directed learning, flexible schedules, individualized learning and helps families understand the topic through Mosaic's self-directed learning approach.",Supports families who want to how Do We Know This Works?.,Gain practical guidance for supporting self-directed learning at home.
"What is ""Partnership Parenting""?",Blog,Ideas and Activities,All Ages,"partnership parenting, mutual respect, teen voices, trust-centered connection","mutual respect regardless of age, time/place/space for hard conversations",Maleka Diggs (with daughters Nix and Alexa),2022-07-16,https://weareborntolearn.org/resource/partnership-is-our-practice,"This blog explores partnership parenting, mutual respect, teen voices, trust-centered connection and helps families understand the topic through Mosaic's self-directed learning approach.",Supports families who want to ideas and Activities.,Strengthen relationships while parenting teens.
Why Schools Can't Prepare Kids for an Unknown Future,Blog,Ideas and Activities,All Ages,"future of work, survival skills, adaptability, self-direction","preparing for an unknown future through autonomy, real-world application",Daniel T. Moeller,2021-12-23,https://weareborntolearn.org/resource/why-schools-cant-prepare-kids-for-an-unknown-future,"This blog explores future of work, survival skills, adaptability, self-direction and helps families understand the topic through Mosaic's self-directed learning approach.",Supports families who want to ideas and Activities.,Gain practical guidance for supporting self-directed learning at home.
3 Ways to Deal with Criticism and Stigma,Blog,Managing Challenges,All Ages,"criticism, stigma, family pressure, boundary-setting","confidence in choice, respecting others' choices too",Mosaic (research: Gray & Riley 2013; Rolstad 2016),2021-10-24,https://weareborntolearn.org/resource/3-ways-to-deal-with-criticism-and-stigma,4 Ways to Deal with Criticism and Stigma,Supports families who want to managing Challenges.,Gain practical guidance for supporting self-directed learning at home.
A Day in the Life of an Unschooling Dad,Blog,Community Inspiration,All Ages,"daily rhythm, flexibility, following interests, behind-the-scenes parent support","flexibility over routine, parent as creative assistant",Daniel T. Moeller,2021-10-22,https://weareborntolearn.org/resource/a-day-in-the-life-of-an-unschooling-dad,"This blog explores daily rhythm, flexibility, following interests, behind-the-scenes parent support and helps families understand the topic through Mosaic's self-directed learning approach.",Supports families who want to community Inspiration.,Gain practical guidance for supporting self-directed learning at home.
How Some Black Folks' Relationship to School is Changing,Blog,Ideas and Activities,All Ages,"Black families, pandemic shift, adult gaze, liberation from systems","liberation over survival-tactic compliance, trusting young people",Akilah S. Richards,2021-09-17,https://weareborntolearn.org/resource/how-some-black-folks-relationship-to-school-is-changing,"This blog explores Black families, pandemic shift, adult gaze, liberation from systems and helps families understand the topic through Mosaic's self-directed learning approach.",Supports families who want to ideas and Activities.,Gain practical guidance for supporting self-directed learning at home.
Unschool After School,Blog,Community Inspiration,All Ages,"part-time unschooling, after-school routine, weekends, strewing","unschooling without full-time flexibility, non-judgmental choice",Mosaic,2021-08-24,https://weareborntolearn.org/resource/unschool-after-school,"This blog explores part-time unschooling, after-school routine, weekends, strewing and helps families understand the topic through Mosaic's self-directed learning approach.",Supports families who want to community Inspiration.,Gain practical guidance for supporting self-directed learning at home.
Unschooling as a Chinese American,Blog,Ideas and Activities,All Ages,"Asian American identity, cultural pressure, model minority stereotypes, decolonizing curriculum","resisting cultural and racial pressure, authentic self over performance",Iris Chen,2021-07-24,https://weareborntolearn.org/resource/unschooling-as-a-chinese-american,"This blog explores Asian American identity, cultural pressure, model minority stereotypes, decolonizing curriculum and helps families understand the topic through Mosaic's self-directed learning approach.",Supports families who want to ideas and Activities.,Gain practical guidance for supporting self-directed learning at home.
Video Games and Learning,Blog,Ideas and Activities,13-18,"video games, reading motivation, math in Minecraft, teamwork skills","games as authentic learning, skills transfer to real life",Yusef Seward,2021-07-24,https://weareborntolearn.org/resource/video-games-and-learning,"This blog explores video games, reading motivation, math in Minecraft, teamwork skills and helps families understand the topic through Mosaic's self-directed learning approach.",Supports families who want to ideas and Activities.,Gain practical guidance for supporting self-directed learning at home.
When Games Become Learning Tools,Blog,Ideas and Activities,All Ages,"educational games critique, gamification, open-ended games, intrinsic motivation","authentic play over gamified worksheets, lack of coercion",Daniel T. Moeller,2021-07-24,https://weareborntolearn.org/resource/identifying-truly-educational-games/,"This blog explores educational games critique, gamification, open-ended games, intrinsic motivation and helps families understand the topic through Mosaic's self-directed learning approach.",Supports families who want to ideas and Activities.,Gain practical guidance for supporting self-directed learning at home.
How Unschooling Shaped My Life as a Writer,Blog,Ideas and Activities,All Ages,"writing identity, creative process, self-directed artistry","claiming identity for yourself, no rulebook for creativity",Annie (grown unschooler),2021-07-24,https://weareborntolearn.org/resource/so-you-want-to-be-a-writer,"This blog explores writing identity, creative process, self-directed artistry and helps families understand the topic through Mosaic's self-directed learning approach.",Supports families who want to ideas and Activities.,Gain practical guidance for supporting self-directed learning at home.
A Teen Shares 3 Tips For Your Learning Journey,Blog,Ideas and Activities,13-18,"teen advice, personal projects, learning fundamentals, having fun","freedom to follow passions, joy as core to learning",Yusef Seward,2021-07-24,https://weareborntolearn.org/resource/a-teen-shares-3-tips-for-your-learning-journey,"This blog explores teen advice, personal projects, learning fundamentals, having fun and helps families understand the topic through Mosaic's self-directed learning approach.",Supports families who want to ideas and Activities.,Strengthen relationships while parenting teens.
How Mosaic Can Help You Discover Your Unique Path,Blog,Ideas and Activities,All Ages,"Mosaic philosophy, letting go of expectations, values over prescriptions","self-directed learning as a way of being, not a formula",Mosaic (staff reflection),2021-07-24,https://weareborntolearn.org/resource/how-mosaic-can-help-you-discover-your-unique-path,"This blog explores Mosaic philosophy, letting go of expectations, values over prescriptions and helps families understand the topic through Mosaic's self-directed learning approach.",Supports families who want to ideas and Activities.,Gain practical guidance for supporting self-directed learning at home.
Don't Like High School? Then Quit.,Blog,Ideas and Activities,13-18,"quitting high school, alternative paths, homeschool transition, college without diploma","opting out without foreclosing options, self-motivation over compulsion",Blake Boles,2021-07-24,https://weareborntolearn.org/resource/dont-like-high-school-then-quit,"This blog explores quitting high school, alternative paths, homeschool transition, college without diploma and helps families understand the topic through Mosaic's self-directed learning approach.",Supports families who want to ideas and Activities.,Prepare for college or future pathways.
Building Your Community,Blog,Community Inspiration,All Ages,"community building, finding your people, following child's interests into community","intentional community creation, community as itself self-directed",Mosaic,2021-07-24,https://weareborntolearn.org/resource/building-your-community,"This blog explores community building, finding your people, following child's interests into community and helps families understand the topic through Mosaic's self-directed learning approach.",Supports families who want to community Inspiration.,Connect with other families for encouragement and support.
An Age-Specific Guide to Independent Learning,Blog,Ideas and Activities,4-18,"developmental stages, age-specific SDE patterns, community college transitions","developmentally-informed expectations, no universal template",Peter Gray,2021-07-24,https://weareborntolearn.org/resource/an-age-specific-guide-to-independent-learning,"This blog explores developmental stages, age-specific SDE patterns, community college transitions and helps families understand the topic through Mosaic's self-directed learning approach.",Supports families who want to ideas and Activities.,Prepare for college or future pathways.
Five Tips for Unschooling on a Budget,Blog,Practical Support for Parents,All Ages,"budgeting, free/low-cost resources, library programs, community cost-sharing","affordability through creativity and community, not privilege",Mosaic (parent contributor),2021-07-22,https://weareborntolearn.org/resource/five-tips-for-unschooling-on-a-budget,"This blog explores budgeting, free/low-cost resources, library programs, community cost-sharing and helps families understand the topic through Mosaic's self-directed learning approach.",Supports families who want to practical Support for Parents.,Connect with other families for encouragement and support.
Museums as Learning Centers,Blog,Ideas and Activities,All Ages,"museums, immersive learning, multi-sensory education, home-education partnerships","museums as 'schools of tomorrow,' multi-sensory access",Maleka Diggs,2021-07-22,https://weareborntolearn.org/resource/learning-through-museums,"This blog explores museums, immersive learning, multi-sensory education, home-education partnerships and helps families understand the topic through Mosaic's self-directed learning approach.",Supports families who want to ideas and Activities.,Gain practical guidance for supporting self-directed learning at home.
Common Doubts and Questions,Blog,Ideas and Activities,All Ages,"FAQ, math, prom, teaching credentials, affordability, state legality","reassurance grounded in real answers, legality and structure clarified",Mosaic,2021-07-16,https://weareborntolearn.org/resource/got-doubts-and-concerns-youre-not-alone,"This blog explores FAQ, math, prom, teaching credentials, affordability, state legality and helps families understand the topic through Mosaic's self-directed learning approach.",Supports families who want to ideas and Activities.,Gain practical guidance for supporting self-directed learning at home.
Deschooling is Decolonization Work,Blog,Transitioning to Independent Learning,All Ages,"deschooling, decolonization, Ivan Illich, generational bias, personal journey","deschooling as lifelong decolonization work, not a fixed timeline",Maleka Diggs,2021-07-13,https://weareborntolearn.org/resource/deschooling-is-decolonization-work,"This blog explores deschooling, decolonization, Ivan Illich, generational bias, personal journey and helps families understand the topic through Mosaic's self-directed learning approach.",Supports families who want to transitioning to Independent Learning.,Gain practical guidance for supporting self-directed learning at home.
Libraries as Learning Centers,Blog,Ideas and Activities,All Ages,"libraries, voluntary self-directed education, maker spaces, public funding","libraries as SDE-aligned public institutions, voluntary vs. forced education",Peter Gray,2021-07-09,https://weareborntolearn.org/resource/the-expanding-role-of-libraries-as-learning-centers,"This blog explores libraries, voluntary self-directed education, maker spaces, public funding and helps families understand the topic through Mosaic's self-directed learning approach.",Supports families who want to ideas and Activities.,Gain practical guidance for supporting self-directed learning at home.
Finding Your Community,Blog,Community Inspiration,All Ages,"learning centers, co-ops, meetups, unschooling camps","many valid forms of community, community as itself supportive","Mosaic (feat. Alston Clark, Leah)",2021-07-09,https://weareborntolearn.org/resource/communities-in-action,"This blog explores learning centers, co-ops, meetups, unschooling camps and helps families understand the topic through Mosaic's self-directed learning approach.",Supports families who want to community Inspiration.,Gain practical guidance for supporting self-directed learning at home.
What Is Self-Directed Education and How Do We Know It Works?,Blog,Ideas and Activities,All Ages,"core principles, curiosity, playfulness, sociability, willfulness, adult role","innate educative drives, adults as safety providers not curriculum imposers",Peter Gray,2021-07-09,https://weareborntolearn.org/resource/what-is-self-directed-education-and-how-do-we-know-it-works,"This blog explores core principles, curiosity, playfulness, sociability, willfulness, adult role and helps families understand the topic through Mosaic's self-directed learning approach.",Supports families who want to ideas and Activities.,Gain practical guidance for supporting self-directed learning at home.
Why Now? Self-Directed Education Takes Wings,Blog,Ideas and Activities,All Ages,"growth of SDE movement, toxicity of standard schooling, technology, modern economy fit",momentum and legitimacy of the SDE movement,Peter Gray,2021-07-09,https://weareborntolearn.org/resource/why-now-self-directed-education-takes-wings,"This blog explores growth of SDE movement, toxicity of standard schooling, technology, modern economy fit and helps families understand the topic through Mosaic's self-directed learning approach.",Supports families who want to ideas and Activities.,Gain practical guidance for supporting self-directed learning at home.
Exploring STEM as a Self-Directed Learner,Blog,Ideas and Activities,13-18,"STEM, coding, robotics, camps, self-taught resources","self-teaching via free resources, community through shared interest",Yusef Seward,2021-07-05,https://weareborntolearn.org/resource/exploring-stem-as-a-self-directed-learner,"This blog explores STEM, coding, robotics, camps, self-taught resources and helps families understand the topic through Mosaic's self-directed learning approach.",Supports families who want to ideas and Activities.,Gain practical guidance for supporting self-directed learning at home.
3 Ways Self-Directed Education Helped Me Get Free,Blog,Ideas and Activities,TBD — needs review,TBD — needs review,TBD — needs review,Mosaic,2021-04-24,https://weareborntolearn.org/resource/3-ways-self-directed-education-helped-me-get-free,4 Ways Self-Directed Education Helped Me Get Free,Supports families who want to ideas and Activities.,Gain practical guidance for supporting self-directed learning at home.
"As a Parent, Three Myths We Unlearned",Blog,Ideas and Activities,TBD — needs review,TBD — needs review,TBD — needs review,Mosaic,2021-04-24,https://weareborntolearn.org/resource/parenting-perspective-three-myths-weve-unlearned,This blog explores TBD — needs review and helps families understand the topic through Mosaic's self-directed learning approach.,Supports families who want to ideas and Activities.,Gain practical guidance for supporting self-directed learning at home.
"""Typical"" Days in the Life",Blog,Ideas and Activities,TBD — needs review,TBD — needs review,TBD — needs review,Mosaic,2021-04-23,https://weareborntolearn.org/resource/untypical-days-in-the-life,This blog explores TBD — needs review and helps families understand the topic through Mosaic's self-directed learning approach.,Supports families who want to ideas and Activities.,Gain practical guidance for supporting self-directed learning at home.
Coffee Hour Chat: Challenges,Coffee Hour Chat,Emotional Support for Parents,All Ages,"challenges, community-finding, discomfort as growth, screen time","connection over solving, staying in relationship through uncertainty",Daniel T. Moeller,Unknown,https://weareborntolearn.org/resource/coffeechatchallenges,"This coffee hour chat explores challenges, community-finding, discomfort as growth, screen time and helps families understand the topic through Mosaic's self-directed learning approach.",Coffee Hour Chat,Connect with other families for encouragement and support.
Parenting Through the Teen Years: A Monthly Circle Facilitated by Leslie W. Bray,Guide,Practical Support for Parents,Parent of Teens,"parenting teens, communicaton, trust","trust, connection, reflection, curiosity",Leslie W. Bray,Not specified,https://weareborntolearn.org/resource/parenting-through-the-teen-years-a-monthly-circle-facilitated-by-leslie-w-bray/,"This guide explores parenting teens, communicaton, trust and helps families understand the topic through Mosaic's self-directed learning approach.",Supports families who want to practical Support for Parents.,Strengthen relationships while parenting teens.
Coffee Hour Chat: Navigating Multiple Neurodivergent Needs in One Family,Coffee Hour Chat,Neurodivergence,All Ages,"multiple neurodivergent needs, masking, PDA, justice sensitivity, shame spirals","whole-family ecosystem view, steady presence over fixing",Daniel T. Moeller,Unknown,https://weareborntolearn.org/resource/coffee-hour-chat-navigating-multiple-neurodivergent-needs-in-one-family,"This coffee hour chat explores multiple neurodivergent needs, masking, PDA, justice sensitivity, shame spirals and helps families understand the topic through Mosaic's self-directed learning approach.",Coffee Hour Chat,Better support a neurodivergent or disabled learner.
Podcast: Neurodivergent Learning: Helping Your Child With Hypervigilant Nervous System Thrive,Podcast,Neurodivergence,TBD,TBD — needs review,TBD — needs review,Mosaic,,https://weareborntolearn.org/resource/podcast-neurodivergent-learning-helping-your-child-with-hypervigilant-nervous-system-thrive/,This podcast explores TBD — needs review and helps families understand the topic through Mosaic's self-directed learning approach.,Supports families who want to neurodivergence.,Gain practical guidance for supporting self-directed learning at home.
Preparing Young Learners for the Future,TBD,TBD,TBD,TBD — needs review,TBD — needs review,Mosaic,,https://weareborntolearn.org/resource/preparing-young-learners-for-the-future/,This tbd explores TBD — needs review and helps families understand the topic through Mosaic's self-directed learning approach.,TBD,Gain practical guidance for supporting self-directed learning at home.
The Power of Boredom: Perspectives from an Unschooling Parent,Blog,Ideas and Activities,TBD,TBD — needs review,TBD — needs review,Mosaic,,https://weareborntolearn.org/resource/the-power-of-boredom-perspectives-from-unschooling-parent/,This blog explores TBD — needs review and helps families understand the topic through Mosaic's self-directed learning approach.,Supports families who want to ideas and Activities.,Gain practical guidance for supporting self-directed learning at home.
"A Mosaic Community Circle – Wherever You Are, You're Welcome",Event / Community Circle,Community Inspiration,All Ages,"community, belonging, connection, peer support","belonging, connection, no wrong stage to join",Mosaic Collective,Recurring (see Mosaic Collective calendar),https://mosaic.glueup.com/event/a-mosaic-community-circle-wherever-you-are-you-re-welcome-187450/,"This event / community circle explores community, belonging, connection, peer support and helps families understand the topic through Mosaic's self-directed learning approach.",Event / Community Circle,Connect with other families for encouragement and support.
Coffee Hour Chat – Unschooling in Summer,Event / Coffee Hour,Community Inspiration / Managing Challenges,All Ages,"summer rhythm, seasonal learning, family routines","flexibility, noticing learning outside school schedules",Mosaic Guides,Recurring (seasonal),https://mosaic.glueup.com/event/coffee-chat-unschooling-in-summer-185291/,"This event / coffee hour explores summer rhythm, seasonal learning, family routines and helps families understand the topic through Mosaic's self-directed learning approach.",Event / Coffee Hour,Connect with other families for encouragement and support.
"The Un-Curriculum Workbook Series – Defining Unschooling / Self-Directed Education / Life Learning (Unit 2, Lesson 2)",Event / Workbook Series,Transitioning to Independent Learning,All Ages,"terminology, defining approach, deschooling","clarity, ownership of one's own definitions",Mosaic Guides,Not specified,https://mosaic.glueup.com/event/the-un-curriculum-workbook-series-defining-unschooling-self-directed-education-life-learning-unit-2-lesson-2-183446/,"This event / workbook series explores terminology, defining approach, deschooling and helps families understand the topic through Mosaic's self-directed learning approach.",Event / Workbook Series,Gain practical guidance for supporting self-directed learning at home.
Crystal: Giving Freedom to Explore,Story / Video,Community Inspiration / Neurodivergence / Transitioning to Independent Learning,All Ages,"neurodivergence, inclusive environment, freedom school","freedom, safety, space to explore interests",Mosaic (Stories section),Not specified,https://weareborntolearn.org/story/crystal-giving-freedom-to-explore/,"This story / video explores neurodivergence, inclusive environment, freedom school and helps families understand the topic through Mosaic's self-directed learning approach.",Supports families who want to community Inspiration / Neurodivergence / Transitioning to Independent Learning.,Better support a neurodivergent or disabled learner.
Dan and Kai: Podcast Partners,Story / Video,Practical Support for Parents,Parent-focused,"unschooling, parent-child partnership","partnership, trust, autonomy",Mosaic(Stories section),Not specified,https://weareborntolearn.org/story/dan-and-kai-podcast-partners/,"This story / video explores unschooling, parent-child partnership and helps families understand the topic through Mosaic's self-directed learning approach.",Supports families who want to practical Support for Parents.,Gain practical guidance for supporting self-directed learning at home.
Yusuf Takes Flight,Story / Video,Practical Support for Parents,Parent-focused,"self-directed learning, technology, parent-child partnership","trust, real-world learning, creativity",Mosaic(Stories section),Not specified,https://weareborntolearn.org/story/yusuf-takes-flight/,"This story / video explores self-directed learning, technology, parent-child partnership and helps families understand the topic through Mosaic's self-directed learning approach.",Supports families who want to practical Support for Parents.,Gain practical guidance for supporting self-directed learning at home.
Coffee Chat - Back to (Un) school,Event,Transitioning to Independent Learning,Parent-focused,"unschooling, reflection, community, family learning","Reflection, flexibility, support",Daniel T. Moeller,08-08-2026(Date of Event),2026-08-08,"This event explores unschooling, reflection, community, family learning and helps families understand the topic through Mosaic's self-directed learning approach.",Supports families who want to transitioning to Independent Learning.,Connect with other families for encouragement and support.
Parenting through the Teen Years with Leslie,Event,Practical Support for Parents,Parent of Teens,"parrenting teens, reflection, community support, communication","connection, empathy, self-reflection, support, growth",Leslie W. Bray,08-10-26(Date of Event),2026-08-10,"This event explores parrenting teens, reflection, community support, communication and helps families understand the topic through Mosaic's self-directed learning approach.",Supports families who want to practical Support for Parents.,Strengthen relationships while parenting teens.